Symbol,Name,Last Sale,Net Change,% Change,Market Cap,Country,IPO Year,Volume,Sector,Industry
AA,Alcoa Corporation Common Stock ,61.41,1.6,2.675%,15902981205.0,United States,2016.0,5008654,Industrials,Aluminum
AAL,American Airlines Group Inc. Common Stock,13.15,-0.44,-3.238%,8683005135.0,United States,,64553579,Consumer Discretionary,Air Freight/Delivery Services
AAOI,Applied Optoelectronics Inc. Common Stock,56.27,4.59,8.882%,3842026525.0,United States,2013.0,4187979,Technology,Semiconductors
AAPL,Apple Inc. Common Stock,272.14,7.56,2.857%,3995325439600.0,United States,1980.0,46958540,Technology,Computer Manufacturing
ABBV,AbbVie Inc. Common Stock,228.44,-1.04,-0.453%,403920529101.0,United States,2012.0,4878696,Health Care,Biotechnology: Pharmaceutical Preparations
ABNB,Airbnb Inc. Class A Common Stock,125.66,-2.23,-1.744%,77349982339.0,United States,2020.0,4695192,Consumer Discretionary,Diversified Commercial Services
ABT,Abbott Laboratories Common Stock,114.58,-0.71,-0.616%,199103705192.0,United States,,9017243,Health Care,Biotechnology: Pharmaceutical Preparations
ACHR,Archer Aviation Inc. Class A Common Stock,7.19,0.23,3.305%,4682827005.0,United States,2020.0,39221834,Industrials,Aerospace
ACI,Albertsons Companies Inc. Class A Common Stock,18.66,0.15,0.81%,9589618838.0,United States,2020.0,6031761,Consumer Staples,Food Chains
ACLX,Arcellx Inc. Common Stock,113.75,49.64,77.429%,6577351576.0,United States,2022.0,19207661,Health Care,Biotechnology: Biological Products (No Diagnostic Substances)
ADBE,Adobe Inc. Common Stock,255.17,-3.44,-1.33%,104747285000.0,United States,1986.0,5525803,Technology,Computer Software: Prepackaged Software
ADI,Analog Devices Inc. Common Stock,356.09,1.06,0.299%,173844618266.0,United States,,4540801,Technology,Semiconductors
ADP,Automatic Data Processing Inc. Common Stock,205.68,-8.79,-4.098%,82815892788.0,United States,,5808029,Industrials,Diversified Commercial Services
ADT,ADT Inc. Common Stock,7.88,0.13,1.677%,6459730360.0,United States,2018.0,8154294,Consumer Discretionary,Diversified Commercial Services
AEO,American Eagle Outfitters Inc. Common Stock,23.76,0.11,0.465%,4027605263.0,United States,,3757227,Consumer Discretionary,Clothing/Shoe/Accessory Stores
AEP,American Electric Power Company Inc. Common Stock,132.39,3.02,2.334%,71604650410.0,United States,,3208615,Utilities,Electric Utilities: Central
AES,The AES Corporation Common Stock,16.27,0.01,0.062%,11586207759.0,United States,,10075183,Utilities,Electric Utilities: Central
AFRM,Affirm Holdings Inc. Class A Common Stock,47.87,-3.22,-6.303%,15946006863.0,United States,2021.0,4924036,Finance,Finance: Consumer Services
AGNC,AGNC Investment Corp. Common Stock,11.31,-0.14,-1.223%,12132509232.0,United States,2008.0,27049836,Real Estate,Real Estate Investment Trusts
AIG,American International Group Inc. New Common Stock,79.84,-0.14,-0.175%,42838923494.0,United States,,3253252,Finance,Life Insurance
AKAM,Akamai Technologies Inc. Common Stock,100.13,5.96,6.329%,14507646855.0,United States,1999.0,5382773,Real Estate,Real Estate
ALHC,Alignment Healthcare Inc. Common Stock,19.6,-1.0,-4.854%,3921798143.0,United States,2021.0,3479127,Health Care,Medical Specialities
ALK,Alaska Air Group Inc. Common Stock,52.51,1.88,3.713%,6090562069.0,United States,,3379588,Consumer Discretionary,Air Freight/Delivery Services
ALLY,Ally Financial Inc. Common Stock,40.51,0.54,1.351%,12479234929.0,United States,2014.0,4272788,Finance,Major Banks
AMAT,Applied Materials Inc. Common Stock,377.93,2.55,0.679%,299928977035.0,United States,1972.0,5709556,Technology,Semiconductors
AMD,Advanced Micro Devices Inc. Common Stock,213.84,13.69,6.84%,348140402914.0,United States,,81143275,Technology,Semiconductors
AMH,American Homes 4 Rent Common Shares of Beneficial Interest,29.86,0.44,1.496%,10862359900.0,United States,2013.0,6140888,Real Estate,Real Estate Investment Trusts
AMKR,Amkor Technology Inc. Common Stock,48.53,0.59,1.231%,12001908827.0,United States,1998.0,4233205,Technology,Semiconductors
AMT,American Tower Corporation (REIT) Common Stock,190.19,0.14,0.074%,89036806228.0,United States,,3535109,Real Estate,Real Estate Investment Trusts
AMZN,Amazon.com Inc. Common Stock,208.56,-1.55,-0.738%,2238875096647.0,United States,1997.0,41061434,Consumer Discretionary,Catalog/Specialty Distribution
ANET,Arista Networks Inc. Common Stock,128.77,1.34,1.052%,161804386156.0,United States,,8115944,Telecommunications,Computer Communications Equipment
APA,APA Corporation Common Stock,28.62,-0.44,-1.514%,10150633964.0,United States,,3971797,Energy,Oil & Gas Production
APG,APi Group Corporation Common Stock,44.99,0.88,1.995%,18711607161.0,United States,2020.0,5923147,Consumer Discretionary,Engineering & Construction
APH,Amphenol Corporation Common Stock,151.5,3.68,2.49%,186226061895.0,United States,,7998609,Technology,Electrical Products
APLD,Applied Digital Corporation Common Stock,30.66,1.62,5.579%,8572101333.0,United States,2022.0,18843162,Finance,Finance: Consumer Services
APLE,Apple Hospitality REIT Inc. Common Shares,12.15,-0.06,-0.491%,2874394658.0,United States,2015.0,4667125,Real Estate,Real Estate Investment Trusts
APLS,Apellis Pharmaceuticals Inc. Common Stock,22.13,-0.15,-0.673%,2800003074.0,United States,2017.0,3867202,Health Care,Biotechnology: Pharmaceutical Preparations
APO,Apollo Global Management Inc. (New) Common Stock,114.13,0.4,0.352%,66243628256.0,United States,,7219988,Finance,Investment Managers
APP,Applovin Corporation Class A Common Stock,393.22,-25.46,-6.081%,132624455160.0,United States,2021.0,5163650,Technology,Computer Software: Programming Data Processing
AQN,Algonquin Power & Utilities Corp. Common Shares,6.8,0.05,0.741%,5224073126.0,United States,2016.0,3326146,Utilities,Electric Utilities: Central
AR,Antero Resources Corporation Common Stock,33.83,-0.17,-0.50%,10437400750.0,United States,2013.0,3832638,Energy,Oil & Gas Production
ARCC,Ares Capital Corporation Common Stock,19.18,0.03,0.157%,13771678167.0,United States,2004.0,7323366,Finance,Finance: Consumer Services
ARES,Ares Management Corporation Class A Common Stock,117.16,2.59,2.261%,38295985396.0,United States,2014.0,3853117,Finance,Investment Managers
ARR,ARMOUR Residential REIT Inc.,18.18,0.15,0.832%,2170417846.0,United States,,3260182,Real Estate,Real Estate Investment Trusts
ASTS,AST SpaceMobile Inc. Class A Common Stock,85.82,5.62,7.007%,31497598901.0,United States,2019.0,7538242,Consumer Discretionary,Telecommunications Equipment
ATEC,Alphatec Holdings Inc. Common Stock,13.93,0.92,7.071%,2069304077.0,United States,2006.0,6110979,Health Care,Medical/Dental Instruments
AVGO,Broadcom Inc. Common Stock,325.49,-7.16,-2.152%,1543237208837.0,United States,2009.0,23588492,Technology,Semiconductors
AVTR,Avantor Inc. Common Stock,9.11,0.22,2.475%,6213529541.0,United States,2019.0,9556890,Industrials,Biotechnology: Laboratory Analytical Instruments
AXP,American Express Company Common Stock,320.48,-0.76,-0.237%,220046056322.0,United States,,7924966,Finance,Finance: Consumer Services
BA,Boeing Company (The) Common Stock,233.39,2.95,1.28%,183292158735.0,United States,,4405500,Industrials,Aerospace
BAC,Bank of America Corporation Common Stock,50.41,-0.66,-1.292%,368118800676.0,United States,,53055452,Finance,Major Banks
BAX,Baxter International Inc. Common Stock,20.63,-0.63,-2.963%,10613929628.0,United States,,7120643,Health Care,Medical/Dental Instruments
BBWI,Bath & Body Works Inc.,23.26,0.74,3.286%,4761824532.0,United States,,6068678,Consumer Discretionary,Clothing/Shoe/Accessory Stores
BBY,Best Buy Co. Inc. Common Stock,62.73,0.02,0.032%,13144137011.0,United States,,4101845,Consumer Discretionary,Consumer Electronics/Video Chains
BE,Bloom Energy Corporation Class A Common Stock,166.2,5.92,3.694%,46627113333.0,United States,2018.0,11011947,Energy,Industrial Machinery/Components
BEAM,Beam Therapeutics Inc. Common Stock,32.29,4.7,17.035%,3276625942.0,United States,2020.0,3747671,Health Care,Biotechnology: Biological Products (No Diagnostic Substances)
BEN,Franklin Resources Inc. Common Stock,27.12,0.05,0.185%,14123104710.0,United States,,5211802,Finance,Investment Managers
BK,The Bank of New York Mellon Corporation Common Stock,116.55,1.01,0.874%,81276040402.0,United States,,4149051,Finance,Major Banks
BKD,Brookdale Senior Living Inc. Common Stock,15.36,-0.08,-0.518%,3652491464.0,United States,2005.0,3564546,Health Care,Hospital/Nursing Management
BKR,Baker Hughes Company Class A Common Stock,64.72,2.51,4.035%,63958666927.0,United States,,7616695,Consumer Discretionary,Oil and Gas Field Machinery
BMNR,BitMine Immersion Technologies Inc. Common Stock,19.44,0.22,1.145%,8842526047.0,United States,2025.0,30272599,Finance,Finance: Consumer Services
BMRN,BioMarin Pharmaceutical Inc. Common Stock,62.62,-1.46,-2.278%,12030200221.0,United States,1999.0,3453922,Health Care,Biotechnology: Pharmaceutical Preparations
BMY,Bristol-Myers Squibb Company Common Stock,61.6,0.35,0.571%,125446780228.0,United States,,13236249,Health Care,Biotechnology: Pharmaceutical Preparations
BRBR,BellRing Brands Inc. Common Stock ,18.34,0.4,2.23%,2150723052.0,United States,2022.0,3156028,Consumer Staples,Packaged Foods
BRO,Brown & Brown Inc. Common Stock,69.84,0.68,0.983%,23774934406.0,United States,,3141639,Finance,Specialty Insurers
BROS,Dutch Bros Inc. Class A Common Stock,49.19,1.91,4.04%,8093967517.0,United States,2021.0,4488473,Consumer Discretionary,Restaurants
BRX,Brixmor Property Group Inc. Common Stock,29.81,0.02,0.067%,9139440686.0,United States,2013.0,3731419,Real Estate,Real Estate Investment Trusts
BSX,Boston Scientific Corporation Common Stock,75.15,0.78,1.049%,111405519231.0,United States,,14188927,Health Care,Medical/Dental Instruments
BULL,Webull Corporation Class A Ordinary Shares,5.76,-0.15,-2.538%,2896829516.0,United States,,7472290,Finance,Investment Bankers/Brokers/Service
BWA,BorgWarner Inc. Common Stock,58.85,0.68,1.169%,12184819997.0,United States,,3274828,Consumer Discretionary,Auto Parts:O.E.M.
BX,Blackstone Inc. Common Stock,116.41,2.7,2.374%,85963065893.0,United States,2007.0,10055981,Finance,Investment Managers
C,Citigroup Inc. Common Stock,109.56,-1.19,-1.074%,191655390626.0,United States,,14975961,Finance,Major Banks
CAG,ConAgra Brands Inc. Common Stock,19.1,0.24,1.273%,9136856973.0,United States,,12656406,Consumer Staples,Packaged Foods
CALY,Callaway Golf Company Common Stock,13.71,-0.19,-1.367%,2521044663.0,United States,,3170693,Consumer Discretionary,Recreational Games/Products/Toys
CARR,Carrier Global Corporation Common Stock ,63.53,0.07,0.11%,53101161823.0,United States,2020.0,3630432,Industrials,Industrial Machinery/Components
CART,Maplebear Inc. Common Stock,36.29,0.04,0.11%,9527321264.0,United States,2023.0,3518613,Real Estate,Real Estate
CAVA,CAVA Group Inc. Common Stock,67.8,-0.55,-0.805%,7863858936.0,United States,2023.0,4764507,Consumer Discretionary,Restaurants
CCC,CCC Intelligent Solutions Holdings Inc. Common Stock,5.06,-0.03,-0.589%,3248619459.0,United States,,12643331,Technology,Computer Software: Prepackaged Software
CCI,Crown Castle Inc. Common Stock,88.64,0.94,1.072%,38600859446.0,United States,,3137841,Real Estate,Real Estate Investment Trusts
CCL,Carnival Corporation Common Stock,31.61,1.19,3.912%,45050360087.0,United States,1987.0,15660553,Consumer Discretionary,Marine Transportation
CDE,Coeur Mining Inc. Common Stock,24.78,0.35,1.433%,15911177413.0,United States,,15585604,Basic Materials,Precious Metals
CDNS,Cadence Design Systems Inc. Common Stock,290.63,-5.65,-1.907%,79240560130.0,United States,,3038566,Technology,Computer Software: Prepackaged Software
CECO,CECO Environmental Corp. Common Stock,60.0,-18.78,-23.839%,2138461860.0,United States,1998.0,3104379,Industrials,Pollution Control Equipment
CEG,Constellation Energy Corporation Common Stock ,312.64,17.8,6.037%,113286816017.0,United States,,4646810,Utilities,Electric Utilities: Central
CELH,Celsius Holdings Inc. Common Stock,50.72,2.4,4.967%,13074870264.0,United States,,4793641,Consumer Staples,Beverages (Production/Distribution)
CFG,Citizens Financial Group Inc. Common Stock,62.07,-0.42,-0.672%,26378735590.0,United States,2014.0,3024969,Finance,Major Banks
CFLT,Confluent Inc. Class A Common Stock,30.62,-0.08,-0.261%,10951074621.0,United States,2021.0,10891590,Technology,Computer Software: Prepackaged Software
CHWY,Chewy Inc. Class A Common Stock,25.48,0.77,3.116%,10574163130.0,United States,2019.0,8196062,Consumer Discretionary,Catalog/Specialty Distribution
CHYM,Chime Financial Inc. Class A Common Stock,20.43,-0.48,-2.296%,7652628254.0,United States,2025.0,3028258,Finance,Finance: Consumer Services
CIFR,Cipher Mining Inc. Common Stock,17.12,2.47,16.86%,6763975964.0,United States,2020.0,51247459,Finance,Finance: Consumer Services
CL,Colgate-Palmolive Company Common Stock,98.11,1.01,1.04%,79083031460.0,United States,,5419672,Consumer Discretionary,Package Goods/Cosmetics
CLF,Cleveland-Cliffs Inc. Common Stock,10.59,-0.19,-1.763%,6040435384.0,United States,,15878988,Basic Materials,Metal Mining
CLSK,CleanSpark Inc. Common Stock,10.35,0.7,7.254%,2647042650.0,United States,,25911532,Finance,Finance: Consumer Services
CMCSA,Comcast Corporation Class A Common Stock,31.61,0.27,0.862%,115183505303.0,United States,,20733197,Telecommunications,Cable & Other Pay Television Services
CMG,Chipotle Mexican Grill Inc. Common Stock,36.49,-0.12,-0.328%,47525415270.0,United States,2006.0,13619277,Consumer Discretionary,Restaurants
CMS,CMS Energy Corporation Common Stock,76.78,0.48,0.629%,23526996779.0,United States,,3848590,Utilities,Power Generation
CNC,Centene Corporation Common Stock,42.37,-0.97,-2.238%,20836337270.0,United States,,4959659,Health Care,Medical Specialities
CNP,CenterPoint Energy Inc (Holding Co) Common Stock,42.8,-0.09,-0.21%,27942903795.0,United States,,8864708,Utilities,Electric Utilities: Central
COF,Capital One Financial Corporation Common Stock,196.56,6.56,3.453%,122246873920.0,United States,1994.0,6711477,Finance,Major Banks
COHR,Coherent Corp. Common Stock,254.86,5.97,2.399%,47781624801.0,United States,,4612533,Technology,Electronic Components
COIN,Coinbase Global Inc. Class A Common Stock,162.03,-9.32,-5.439%,42788099633.0,United States,,10419541,Finance,Finance: Consumer Services
COLD,Americold Realty Trust Inc. Common Stock,13.08,-0.22,-1.654%,3725896585.0,United States,2018.0,6305442,Real Estate,Real Estate Investment Trusts
COMP,Compass Inc. Class A Common Stock,9.43,0.35,3.855%,5301884754.0,United States,2021.0,16470628,Technology,EDP Services
COP,ConocoPhillips Common Stock,110.59,0.71,0.646%,135178486820.0,United States,,5151313,Energy,Integrated oil Companies
CORZ,Core Scientific Inc. Common Stock,17.87,0.57,3.295%,5540795431.0,United States,,13552702,Finance,Finance: Consumer Services
CPB,The Campbell's Company Common Stock,27.28,0.45,1.677%,8133102204.0,United States,,5784722,Consumer Staples,Packaged Foods
CPNG,Coupang Inc. Class A Common Stock,18.59,0.01,0.054%,33957377731.0,United States,2021.0,26104136,Consumer Discretionary,Catalog/Specialty Distribution
CPRT,Copart Inc. (DE) Common Stock,35.28,-1.2,-3.289%,34151663892.0,United States,1994.0,12455856,Consumer Discretionary,Retail-Auto Dealers and Gas Stations
CRBG,Corebridge Financial Inc. Common Stock,27.53,0.27,0.99%,13260812579.0,United States,2022.0,3132156,Finance,Life Insurance
CRCL,Circle Internet Group Inc. Class A Common Stock,61.37,0.2,0.327%,14451137020.0,United States,2025.0,8224976,Finance,Finance: Consumer Services
CRDO,Credo Technology Group Holding Ltd Ordinary Shares,120.83,-3.23,-2.604%,21825730607.0,United States,2022.0,4028551,Technology,Semiconductors
CRGY,Crescent Energy Company Class A Common Stock,10.33,-0.1,-0.959%,3392184273.0,United States,2021.0,5808157,Energy,Oil & Gas Production
CRM,Salesforce Inc. Common Stock,185.42,7.26,4.075%,173738540000.0,United States,2004.0,15521876,Technology,Computer Software: Prepackaged Software
CRWD,CrowdStrike Holdings Inc. Class A Common Stock,350.25,-38.35,-9.869%,88297478610.0,United States,2019.0,7121863,Technology,Computer Software: Prepackaged Software
CRWV,CoreWeave Inc. Class A Common Stock,99.3,10.05,11.261%,49482928942.0,United States,2025.0,24533605,Technology,Computer Software: Prepackaged Software
CSCO,Cisco Systems Inc. Common Stock (DE),78.14,-1.06,-1.338%,308644642302.0,United States,1990.0,19481259,Telecommunications,Computer Communications Equipment
CSGP,CoStar Group Inc. Common Stock,49.15,-0.72,-1.444%,20830890178.0,United States,1998.0,5582193,Real Estate,Real Estate
CSX,CSX Corporation Common Stock,42.47,0.16,0.378%,78975377254.0,United States,,10184444,Industrials,Railroads
CTRA,Coterra Energy Inc. Common Stock,30.5,-0.25,-0.813%,23222015336.0,United States,,6234718,Energy,Oil & Gas Production
CTRI,Centuri Holdings Inc. Common Stock,30.96,-0.28,-0.896%,2744577808.0,United States,2024.0,4653375,Utilities,Oil & Gas Production
CTSH,Cognizant Technology Solutions Corporation Class A Common Stock,61.06,-3.97,-6.105%,29201756935.0,United States,1998.0,7776514,Technology,EDP Services
CTVA,Corteva Inc. Common Stock ,77.97,1.51,1.975%,52436696280.0,United States,2019.0,3064169,Consumer Staples,Farming/Seeds/Milling
CVNA,Carvana Co. Class A Common Stock,325.16,0.06,0.018%,70736172626.0,United States,2017.0,3145211,Consumer Discretionary,Retail-Auto Dealers and Gas Stations
CVS,CVS Health Corporation Common Stock,74.18,-2.82,-3.662%,94372616653.0,United States,,12194416,Consumer Staples,Retail-Drug Stores and Proprietary Stores
CVX,Chevron Corporation Common Stock,185.34,0.43,0.233%,373186092788.0,United States,,7450187,Energy,Integrated oil Companies
CWAN,Clearwater Analytics Holdings Inc. Class A Common Stock,23.18,0.04,0.173%,6848906817.0,United States,2021.0,9975132,Technology,Computer Software: Prepackaged Software
CZR,Caesars Entertainment Inc. Common Stock,20.34,-0.89,-4.192%,4139617567.0,United States,,4907080,Consumer Discretionary,Hotels/Resorts
D,Dominion Energy Inc. Common Stock,63.74,-0.49,-0.763%,54428432276.0,United States,,6820075,Utilities,Electric Utilities: Central
DAL,Delta Air Lines Inc. Common Stock,69.23,2.35,3.514%,45216238915.0,United States,,9026675,Consumer Discretionary,Air Freight/Delivery Services
DASH,DoorDash Inc. Class A Common Stock,164.38,-11.91,-6.756%,70847536553.0,United States,,5929705,Technology,EDP Services
DBRG,DigitalBridge Group Inc.,15.39,0.02,0.13%,2811359401.0,United States,2014.0,6932987,Real Estate,Real Estate Investment Trusts
DBX,Dropbox Inc. Class A Common Stock,24.28,-1.2,-4.71%,5856052361.0,United States,2018.0,6319489,Technology,Computer Software: Prepackaged Software
DDOG,Datadog Inc. Class A Common Stock,104.43,-11.23,-9.709%,36819520139.0,United States,2019.0,7568441,Technology,Computer Software: Prepackaged Software
DELL,Dell Technologies Inc. Class C Common Stock ,119.78,0.64,0.537%,79376960887.0,United States,2018.0,4931140,Technology,Computer Manufacturing
DHR,Danaher Corporation Common Stock,209.19,-1.73,-0.82%,147761265084.0,United States,,3176039,Industrials,Industrial Machinery/Components
DIS,Walt Disney Company (The) Common Stock,106.05,1.64,1.571%,187869680199.0,United States,,13593708,Consumer Discretionary,Services-Misc. Amusement & Recreation
DJT,Trump Media & Technology Group Corp. Common Stock,10.63,0.52,5.143%,2976374871.0,United States,2024.0,3154730,Technology,Computer Software: Programming Data Processing
DKNG,DraftKings Inc. Class A Common Stock,22.37,0.06,0.269%,11028217282.0,United States,2019.0,12465619,Consumer Discretionary,Services-Misc. Amusement & Recreation
DOC,Healthpeak Properties Inc. Common Stock,17.25,-0.05,-0.289%,11989508948.0,United States,,6295385,Real Estate,Real Estate Investment Trusts
DOCN,DigitalOcean Holdings Inc. Common Stock,62.74,3.5,5.908%,5740216989.0,United States,2021.0,7346383,Technology,Computer Software: Programming Data Processing
DOCU,DocuSign Inc. Common Stock,42.85,-1.63,-3.665%,8581686909.0,United States,1989.0,8309633,Technology,Computer Software: Prepackaged Software
DOW,Dow Inc. Common Stock ,31.05,0.75,2.475%,22279432936.0,United States,2019.0,10485471,Industrials,Major Chemicals
DRH,Diamondrock Hospitality Company Common Stock,10.02,0.09,0.906%,2041105884.0,United States,2005.0,3458402,Real Estate,Real Estate Investment Trusts
DT,Dynatrace Inc. Common Stock,34.25,0.61,1.813%,10215100655.0,United States,2019.0,5128082,Technology,Computer Software: Prepackaged Software
DUK,Duke Energy Corporation (Holding Company) Common Stock,128.46,0.67,0.524%,99898360835.0,United States,,4231878,Utilities,Power Generation
DVN,Devon Energy Corporation Common Stock,43.28,-0.39,-0.893%,26833600000.0,United States,1985.0,9063722,Energy,Oil & Gas Production
DX,Dynex Capital Inc. Common Stock,13.95,-0.02,-0.143%,3378258931.0,United States,,5303911,Real Estate,Real Estate Investment Trusts
DXC,DXC Technology Company Common Stock ,11.92,0.07,0.591%,2023538759.0,United States,,3284563,Technology,EDP Services
DXCM,DexCom Inc. Common Stock,73.09,0.01,0.014%,28129771302.0,United States,2005.0,4141599,Health Care,Medical/Dental Instruments
EBAY,eBay Inc. Common Stock,85.3,-2.77,-3.145%,38214400000.0,United States,1998.0,5929157,Real Estate,Real Estate
ED,Consolidated Edison Inc. Common Stock,111.01,-1.13,-1.008%,40102078092.0,United States,,6870305,Utilities,Power Generation
EIX,Edison International Common Stock,75.24,0.59,0.79%,28951378093.0,United States,,3600756,Utilities,Electric Utilities: Central
EL,Estee Lauder Companies Inc. (The) Common Stock,115.29,2.27,2.008%,41703510787.0,United States,1995.0,3379126,Consumer Discretionary,Package Goods/Cosmetics
ELAN,Elanco Animal Health Incorporated Common Stock,26.38,1.63,6.586%,13107258418.0,United States,2018.0,8571932,Health Care,Biotechnology: Pharmaceutical Preparations
ENPH,Enphase Energy Inc. Common Stock,49.74,3.18,6.83%,6520855257.0,United States,2012.0,5969092,Technology,Semiconductors
EOG,EOG Resources Inc. Common Stock,123.7,1.39,1.136%,69274782632.0,United States,,6262913,Energy,Oil & Gas Production
EPD,Enterprise Products Partners L.P. Common Stock,36.29,-0.07,-0.193%,78506920905.0,United States,,3660357,Utilities,Natural Gas Distribution
EQH,Equitable Holdings Inc. Common Stock,41.11,0.9,2.238%,11779332123.0,United States,2018.0,5269094,Finance,Specialty Insurers
EQT,EQT Corporation Common Stock,58.41,-0.62,-1.05%,36463844340.0,United States,,8557418,Energy,Oil & Gas Production
ERAS,Erasca Inc. Common Stock,13.61,1.07,8.533%,4167542666.0,United States,2021.0,3607528,Health Care,Biotechnology: Pharmaceutical Preparations
ESI,Element Solutions Inc. Common Stock,36.71,0.54,1.493%,8941763578.0,United States,2014.0,3889586,Industrials,Major Chemicals
ESTC,Elastic N.V. Ordinary Shares,56.38,3.04,5.699%,5940918464.0,United States,2018.0,3083941,Technology,Computer Software: Prepackaged Software
ET,Energy Transfer LP Common Units ,18.8,-0.02,-0.106%,64677914010.0,United States,,12463691,Utilities,Natural Gas Distribution
ETSY,Etsy Inc. Common Stock,54.4,2.03,3.876%,5235846592.0,United States,2025.0,4628087,Real Estate,Real Estate
EW,Edwards Lifesciences Corporation Common Stock,82.4,-0.04,-0.049%,47816720000.0,United States,,4486641,Health Care,Industrial Specialties
EXC,Exelon Corporation Common Stock,48.59,0.8,1.674%,49702350705.0,United States,,6443567,Utilities,Power Generation
EXE,Expand Energy Corporation Common Stock,103.18,-4.88,-4.516%,24804292467.0,United States,,3122950,Energy,Oil & Gas Production
EXPD,Expeditors International of Washington Inc. Common Stock,138.83,-10.8,-7.218%,18606125851.0,United States,,3193598,Industrials,Integrated Freight & Logistics
EXPE,Expedia Group Inc. Common Stock,198.12,-5.36,-2.634%,24276609039.0,United States,,3596914,Consumer Discretionary,Transportation Services
F,Ford Motor Company Common Stock,14.2,0.56,4.106%,56650548195.0,United States,,73542849,Industrials,Auto Manufacturing
FANG,Diamondback Energy Inc. Common Stock,172.52,-3.49,-1.983%,49431398927.0,United States,2012.0,3975463,Energy,Oil & Gas Production
FAST,Fastenal Company Common Stock,45.46,-0.76,-1.644%,52196226887.0,United States,1987.0,5318629,Consumer Discretionary,RETAIL: Building Materials
FCX,Freeport-McMoRan Inc. Common Stock,67.88,2.33,3.555%,97557245015.0,United States,,20291302,Basic Materials,Metal Mining
FE,FirstEnergy Corp. Common Stock,50.64,0.2,0.397%,29266520993.0,United States,,4774132,Utilities,Electric Utilities: Central
FHN,First Horizon Corporation Common Stock,24.12,0.02,0.083%,11876545837.0,United States,,4328710,Finance,Major Banks
FIG,Figma Inc. Class A Common Stock,27.43,2.68,10.828%,14310672842.0,United States,2025.0,23414990,Technology,Computer Software: Prepackaged Software
FIS,Fidelity National Information Services Inc. Common Stock,48.11,0.65,1.37%,24913800256.0,United States,,6665249,Real Estate,Real Estate
FISV,Fiserv Inc. Common Stock,59.13,-2.34,-3.807%,31621394285.0,United States,1986.0,6887863,Real Estate,Real Estate
FITB,Fifth Third Bancorp Common Stock,50.2,-3.42,-6.378%,33182790804.0,United States,,8494731,Finance,Major Banks
FLG,Flagstar Bank N.A. Common Stock,13.59,0.04,0.295%,5650122368.0,United States,,4112525,Finance,Banks
FLO,Flowers Foods Inc. Common Stock,10.03,-0.1,-0.987%,2118117597.0,United States,,3701522,Consumer Staples,Packaged Foods
FLR,Fluor Corporation Common Stock,53.1,1.47,2.847%,7782584136.0,United States,,3265697,Industrials,Military/Government/Technical
FNB,F.N.B. Corporation Common Stock,17.53,0.09,0.516%,6278134300.0,United States,,9383031,Finance,Major Banks
FRMI,Fermi Inc. Common Stock,10.05,0.93,10.197%,6170955049.0,United States,2025.0,12912406,Real Estate,Real Estate Investment Trusts
FROG,JFrog Ltd. Ordinary Shares,37.19,-0.56,-1.483%,4400054296.0,United States,2020.0,7737339,Technology,Computer Software: Prepackaged Software
FRSH,Freshworks Inc. Class A Common Stock,7.16,-0.3,-4.021%,2018917751.0,United States,2021.0,5862431,Technology,Computer Software: Prepackaged Software
FSLR,First Solar Inc. Common Stock,243.21,1.33,0.55%,26098412973.0,United States,2006.0,3270779,Technology,Semiconductors
FSLY,Fastly Inc. Class A Common Stock,17.67,-0.41,-2.268%,2639898000.0,United States,,10336471,Technology,Computer Software: Prepackaged Software
FTNT,Fortinet Inc. Common Stock,75.23,-4.77,-5.963%,55944646713.0,United States,2009.0,10048668,Technology,Computer peripheral equipment
GAP,Gap Inc. (The) Common Stock,27.25,0.21,0.777%,10134867415.0,United States,,6753774,Consumer Discretionary,Clothing/Shoe/Accessory Stores
GDDY,GoDaddy Inc. Class A Common Stock,92.3,4.54,5.173%,12473569126.0,United States,2015.0,3514865,Technology,EDP Services
GE,GE Aerospace Common Stock,345.64,6.65,1.962%,362511936852.0,United States,,6170382,Technology,Consumer Electronics/Appliances
GEN,Gen Digital Inc. Common Stock,21.97,-0.38,-1.70%,13306433115.0,United States,,6409239,Technology,Computer Software: Prepackaged Software
GFS,GlobalFoundries Inc. Ordinary Shares,47.62,1.43,3.096%,26329708631.0,United States,2021.0,3103814,Technology,Semiconductors
GILD,Gilead Sciences Inc. Common Stock,147.64,-3.76,-2.483%,183173939540.0,United States,1992.0,8333579,Health Care,Biotechnology: Biological Products (No Diagnostic Substances)
GIS,General Mills Inc. Common Stock,45.42,0.04,0.088%,24235298119.0,United States,,5791613,Consumer Staples,Packaged Foods
GLW,Corning Incorporated Common Stock,151.59,6.34,4.365%,130056353843.0,United States,,14993854,Industrials,Telecommunications Equipment
GLXY,Galaxy Digital Inc. Class A Common Stock,21.54,0.34,1.604%,8413746508.0,United States,,5350106,Finance,Investment Bankers/Brokers/Service
GM,General Motors Company Common Stock,81.29,1.63,2.046%,73483546770.0,United States,2010.0,5814238,Industrials,Auto Manufacturing
GME,GameStop Corporation Common Stock,23.77,0.13,0.55%,10649185340.0,United States,2002.0,5441795,Consumer Discretionary,Electronics Distribution
GNW,Genworth Financial Inc Common Stock,8.55,0.25,3.012%,3414703848.0,United States,2004.0,5102640,Finance,Life Insurance
GOOG,Alphabet Inc. Class C Capital Stock,310.92,-3.98,-1.264%,3761199240000.0,United States,2004.0,15014987,Technology,Computer Software: Programming Data Processing
GOOGL,Alphabet Inc. Class A Common Stock,310.9,-4.08,-1.295%,3760957300000.0,United States,2004.0,25570169,Technology,Computer Software: Programming Data Processing
GPK,Graphic Packaging Holding Company,12.16,0.06,0.496%,3588697042.0,United States,,3153158,Consumer Discretionary,Containers/Packaging
GPN,Global Payments Inc. Common Stock,78.34,-1.15,-1.447%,21927469957.0,United States,,4711289,Real Estate,Real Estate
GT,The Goodyear Tire & Rubber Company Common Stock,8.79,-0.15,-1.678%,2516111526.0,United States,,5039669,Consumer Discretionary,Automotive Aftermarket
GTLB,GitLab Inc. Class A Common Stock,24.93,-1.46,-5.532%,4198212000.0,United States,2021.0,5938047,Technology,Computer Software: Prepackaged Software
HAL,Halliburton Company Common Stock,35.79,0.55,1.561%,29975855268.0,United States,,10962742,Energy,Oilfield Services/Equipment
HAYW,Hayward Holdings Inc. Common Stock,15.67,-0.08,-0.508%,3398246955.0,United States,2021.0,3028997,Industrials,Industrial Machinery/Components
HBAN,Huntington Bancshares Incorporated Common Stock,17.02,-0.99,-5.497%,34547066495.0,United States,,27065681,Finance,Major Banks
HD,Home Depot Inc. (The) Common Stock,384.48,7.49,1.987%,382754255753.0,United States,,5674654,Consumer Discretionary,RETAIL: Building Materials
HIMS,Hims & Hers Health Inc. Class A Common Stock,15.46,-0.05,-0.322%,3519446026.0,United States,2019.0,63839846,Health Care,Medical/Nursing Services
HL,Hecla Mining Company Common Stock,23.64,-0.35,-1.459%,15847069296.0,United States,,18294676,Industrials,Mining & Quarrying of Nonmetallic Minerals (No Fuels)
HOOD,Robinhood Markets Inc. Class A Common Stock,73.39,-2.72,-3.574%,65991471096.0,United States,2021.0,23505733,Finance,Investment Bankers/Brokers/Service
HPE,Hewlett Packard Enterprise Company Common Stock,20.25,0.25,1.25%,26985980453.0,United States,2015.0,12211567,Technology,Retail: Computer Software & Peripheral Equipment
HPQ,HP Inc. Common Stock,18.2,-0.15,-0.817%,16707318319.0,United States,,27120801,Technology,Computer Manufacturing
HR,Healthcare Realty Trust Incorporated Common Stock,18.47,-0.04,-0.216%,6443257690.0,United States,,4558077,Real Estate,Real Estate Investment Trusts
HRB,H&R Block Inc. Common Stock,29.94,0.94,3.241%,3795186556.0,United States,,3215146,Consumer Discretionary,Other Consumer Services
HRL,Hormel Foods Corporation Common Stock,25.8,0.64,2.544%,14192768211.0,United States,,5280184,Consumer Staples,Meat/Poultry/Fish
HSIC,Henry Schein Inc. Common Stock,83.35,3.78,4.751%,9812362663.0,United States,1995.0,4576982,Health Care,Medical Specialities
HST,Host Hotels & Resorts Inc. Common Stock,19.89,-0.51,-2.50%,13678143777.0,United States,,8462153,Real Estate,Real Estate Investment Trusts
HTGC,Hercules Capital Inc. Common Stock,15.07,-0.02,-0.133%,2768290236.0,United States,2012.0,4670933,Finance,Investment Managers
HUN,Huntsman Corporation Common Stock,13.0,0.51,4.083%,2262121537.0,United States,2005.0,6212093,Industrials,Major Chemicals
HUT,Hut 8 Corp. Common Stock,59.19,5.37,9.978%,6394688248.0,United States,,7116122,Finance,Finance: Consumer Services
HYMC,Hycroft Mining Holding Corporation Class A Common Stock,46.94,5.87,14.293%,3897211525.0,United States,2018.0,4116042,Basic Materials,Precious Metals
IBKR,Interactive Brokers Group Inc. Class A Common Stock,71.92,-2.475,-3.327%,32030587295.0,United States,2019.0,3446747,Finance,Investment Bankers/Brokers/Service
IBM,International Business Machines Corporation Common Stock,229.32,5.97,2.673%,214353477440.0,United States,,13365405,Technology,Computer Manufacturing
IBRX,ImmunityBio Inc. Common Stock,11.55,2.85,32.759%,11376347817.0,United States,2015.0,82915590,Health Care,Biotechnology: Biological Products (No Diagnostic Substances)
ICE,Intercontinental Exchange Inc. Common Stock,155.36,1.26,0.818%,88228402260.0,United States,2005.0,3114173,Finance,Investment Bankers/Brokers/Service
INTC,Intel Corporation Common Stock,46.12,2.01,4.557%,230369400000.0,United States,,98593683,Technology,Semiconductors
INTU,Intuit Inc. Common Stock,358.71,-21.84,-5.739%,99864864000.0,United States,1993.0,6571669,Technology,Computer Software: Prepackaged Software
INVH,Invitation Homes Inc. Common Stock,25.67,0.01,0.039%,15642941007.0,United States,2017.0,5687500,Finance,Real Estate
IONQ,IonQ Inc. Common Stock,31.62,0.84,2.729%,11202320667.0,United States,2021.0,15017180,Technology,EDP Services
IOT,Samsara Inc. Class A Common Stock,26.07,1.35,5.461%,15042495766.0,United States,2021.0,6089659,Technology,EDP Services
IP,International Paper Company Common Stock,44.02,-0.39,-0.878%,23244246714.0,United States,,5571863,Basic Materials,Paper
IRT,Independence Realty Trust Inc. Common Stock,16.72,0.27,1.641%,3967326081.0,United States,2013.0,9065074,Real Estate,Real Estate Investment Trusts
ITRI,Itron Inc. Common Stock,97.84,-1.7,-1.708%,4397047595.0,United States,1993.0,6013637,Industrials,Electrical Products
IVZ,Invesco Ltd Common Stock,26.12,0.91,3.61%,11625826548.0,United States,,4716309,Finance,Investment Managers
JBLU,JetBlue Airways Corporation Common Stock,5.73,-0.245,-4.10%,2120785698.0,United States,2002.0,23469348,Consumer Discretionary,Air Freight/Delivery Services
JNJ,Johnson & Johnson Common Stock,246.28,0.44,0.179%,593509909958.0,United States,,7245827,Health Care,Biotechnology: Pharmaceutical Preparations
JOBY,Joby Aviation Inc. Common Stock,9.72,0.18,1.887%,9352736390.0,United States,2020.0,19781952,Industrials,Aerospace
JPM,JP Morgan Chase & Co. Common Stock,297.3,-0.37,-0.124%,801827725088.0,United States,,13552238,Finance,Major Banks
KD,Kyndryl Holdings Inc. Common Stock,11.65,0.24,2.103%,2626459787.0,United States,2021.0,5943089,Technology,EDP Services
KDP,Keurig Dr Pepper Inc. Common Stock,31.03,1.49,5.044%,42156834369.0,United States,,19242433,Consumer Staples,Beverages (Production/Distribution)
KEY,KeyCorp Common Stock,21.0,-0.01,-0.048%,22951311369.0,United States,,18017356,Finance,Major Banks
KEYS,Keysight Technologies Inc. Common Stock,301.48,56.48,23.053%,51709174285.0,United States,2014.0,6143836,Industrials,Industrial Machinery/Components
KHC,The Kraft Heinz Company Common Stock,24.78,0.38,1.557%,29333194930.0,United States,,13875751,Consumer Staples,Packaged Foods
KIM,Kimco Realty Corporation (HC) Common Stock,23.3,-0.11,-0.47%,15705753038.0,United States,,9089518,Real Estate,Real Estate Investment Trusts
KKR,KKR & Co. Inc. Common Stock,95.72,3.53,3.829%,85329876470.0,United States,,8820582,Finance,Investment Managers
KMB,Kimberly-Clark Corporation Common Stock,111.11,2.09,1.917%,36879894642.0,United States,,3907344,Consumer Discretionary,Containers/Packaging
KMI,Kinder Morgan Inc. Common Stock,32.69,-0.01,-0.031%,72727417149.0,United States,2011.0,11970233,Utilities,Natural Gas Distribution
KO,Coca-Cola Company (The) Common Stock,80.72,0.16,0.199%,347154366130.0,United States,,16443387,Consumer Staples,Beverages (Production/Distribution)
KR,Kroger Company (The) Common Stock,69.76,1.5,2.197%,44147557402.0,United States,,5710960,Consumer Staples,Food Chains
KRC,Kilroy Realty Corporation Common Stock,31.02,-0.2,-0.641%,3675964735.0,United States,1997.0,3263742,Real Estate,Real Estate Investment Trusts
KTOS,Kratos Defense & Security Solutions Inc. Common Stock,90.68,-5.4,-5.62%,15445448047.0,United States,,5998299,Industrials,Military/Government/Technical
KVUE,Kenvue Inc. Common Stock,19.01,0.06,0.317%,36437077031.0,United States,2023.0,23431922,Consumer Discretionary,Specialty Chemicals
KVYO,Klaviyo Inc. Series A Common Stock,16.71,0.83,5.227%,5092775612.0,United States,2023.0,7779705,Technology,Computer Software: Prepackaged Software
LBRT,Liberty Energy Inc. Class A common stock,28.24,1.6,6.006%,4576335094.0,United States,2018.0,4101805,Energy,Oilfield Services/Equipment
LCID,Lucid Group Inc. Common Stock,9.92,0.37,3.874%,3215751093.0,United States,,9301422,Industrials,Auto Manufacturing
LITE,Lumentum Holdings Inc. Common Stock,688.27,20.5,3.07%,49142478000.0,United States,,3566868,Telecommunications,Telecommunications Equipment
LMND,Lemonade Inc. Common Stock,52.22,1.71,3.385%,3902454230.0,United States,2020.0,5423243,Finance,Property-Casualty Insurers
LNC,Lincoln National Corporation Common Stock,35.63,-0.06,-0.168%,6772921166.0,United States,,4138192,Finance,Life Insurance
LOW,Lowe's Companies Inc. Common Stock,278.59,4.23,1.542%,156275466406.0,United States,,3281932,Consumer Discretionary,RETAIL: Building Materials
LRCX,Lam Research Corporation Common Stock,244.25,-0.67,-0.274%,305012316750.0,United States,1984.0,9084344,Technology,Industrial Machinery/Components
LTH,Life Time Group Holdings Inc. Common Stock,27.85,-0.56,-1.971%,6141265828.0,United States,2021.0,3650704,Consumer Discretionary,Hotels/Resorts
LUMN,Lumen Technologies Inc. Common Stock,7.45,0.0,0.00%,7631553587.0,United States,,10998348,Telecommunications,Telecommunications Equipment
LUNR,Intuitive Machines Inc. Class A Common Stock,18.9,1.35,7.692%,3840670436.0,United States,2021.0,7956110,Industrials,Industrial Machinery/Components
LUV,Southwest Airlines Company Common Stock,50.64,-0.26,-0.511%,24880343014.0,United States,,9319485,Consumer Discretionary,Air Freight/Delivery Services
LVS,Las Vegas Sands Corp. Common Stock,55.05,-0.67,-1.202%,36988685301.0,United States,2004.0,3923113,Consumer Discretionary,Hotels/Resorts
LYFT,Lyft Inc. Class A Common Stock,13.53,-0.42,-3.011%,5386395842.0,United States,2019.0,14042439,Real Estate,Real Estate
M,Macy's Inc Common Stock,20.83,-0.44,-2.069%,5538345160.0,United States,,4734979,Consumer Discretionary,Department/Specialty Retail Stores
MA,Mastercard Incorporated Common Stock,498.0,1.97,0.397%,444122530878.0,United States,2006.0,5291447,Real Estate,Real Estate
MARA,MARA Holdings Inc. Common Stock,8.05,0.08,1.004%,3044384042.0,United States,,37173043,Technology,EDP Services
MAT,Mattel Inc. Common Stock,17.5,0.09,0.517%,5439000000.0,United States,,5195263,Consumer Discretionary,Recreational Games/Products/Toys
MCHP,Microchip Technology Incorporated Common Stock,75.93,-1.8,-2.316%,41088415326.0,United States,1993.0,5591342,Technology,Semiconductors
MCW,Mister Car Wash Inc. Common Stock,6.99,-0.04,-0.569%,2289702913.0,United States,,3961719,Consumer Discretionary,Automotive Aftermarket
MDLN,Medline Inc. Class A Common Stock,49.99,0.19,0.382%,66253526494.0,United States,2025.0,3099446,Health Care,Medical/Dental Instruments
MDLZ,Mondelez International Inc. Class A Common Stock,61.13,2.33,3.963%,78359225746.0,United States,,7349583,Consumer Staples,Packaged Foods
MDT,Medtronic plc. Ordinary Shares,96.75,-1.86,-1.886%,124034874624.0,United States,,7613930,Health Care,Biotechnology: Electromedical & Electrotherapeutic Apparatus
MET,MetLife Inc. Common Stock,75.34,0.1,0.133%,49125738340.0,United States,2000.0,3735826,Finance,Life Insurance
META,Meta Platforms Inc. Class A Common Stock,639.3,-16.36,-2.495%,1617144808135.0,United States,2012.0,10118233,Technology,Computer Software: Programming Data Processing
MGM,MGM Resorts International Common Stock,35.05,0.8,2.336%,8966789591.0,United States,,3314462,Consumer Discretionary,Hotels/Resorts
MIR,Mirion Technologies Inc. Class A Common Stock,21.05,0.55,2.683%,5273705904.0,United States,2020.0,5368853,Industrials,Industrial Machinery/Components
MNST,Monster Beverage Corporation,85.54,1.78,2.125%,83574394817.0,United States,,5036750,Consumer Staples,Beverages (Production/Distribution)
MO,Altria Group Inc.,69.25,0.27,0.391%,116248004976.0,United States,,7046332,Health Care, Medicinal Chemicals and Botanical Products 
MOS,Mosaic Company (The) Common Stock,28.49,-0.24,-0.835%,9042950416.0,United States,,6718297,Industrials,Agricultural Chemicals
MP,MP Materials Corp. Common Stock,58.44,2.74,4.919%,10357349427.0,United States,2020.0,4811393,Basic Materials,Metal Mining
MPT,Medical Properties Trust Inc. common stock,5.7,-0.08,-1.384%,3428550000.0,United States,,6216481,Real Estate,Real Estate Investment Trusts
MRK,Merck & Company Inc. Common Stock (new),123.93,0.11,0.089%,307597052886.0,United States,,8460184,Health Care,Biotechnology: Pharmaceutical Preparations
MRNA,Moderna Inc. Common Stock,50.52,0.65,1.303%,19952339700.0,United States,2018.0,7003011,Health Care,Biotechnology: Biological Products (No Diagnostic Substances)
MRSH,Marsh Common Stock,178.43,1.44,0.814%,86382290463.0,United States,,3973863,Finance,Specialty Insurers
MRVL,Marvell Technology Inc. Common Stock,78.39,-1.09,-1.371%,68292327530.0,United States,2000.0,8383480,Technology,Semiconductors
MS,Morgan Stanley Common Stock,168.79,1.99,1.193%,268014924171.0,United States,,7412495,Finance,Investment Bankers/Brokers/Service
MSFT,Microsoft Corporation Common Stock,389.0,-8.23,-2.072%,2888569710564.0,United States,1986.0,33805144,Technology,Computer Software: Prepackaged Software
MSTR,Strategy Inc Common Stock Class A,124.61,-6.44,-4.914%,41588924944.0,United States,1998.0,15322474,Technology,Computer Software: Prepackaged Software
MTDR,Matador Resources Company Common Stock,50.53,-0.63,-1.231%,6279397056.0,United States,2012.0,3355026,Energy,Oil & Gas Production
MU,Micron Technology Inc. Common Stock,418.01,-10.16,-2.373%,470474126191.0,United States,,33219211,Technology,Semiconductors
NCLH,Norwegian Cruise Line Holdings Ltd. Ordinary Shares,23.96,0.47,2.001%,10907969436.0,United States,,12933669,Consumer Discretionary,Marine Transportation
NDAQ,Nasdaq Inc. Common Stock,81.11,-0.76,-0.928%,46106481160.0,United States,,3295987,Finance,Investment Bankers/Brokers/Service
NEE,NextEra Energy Inc. Common Stock,95.68,1.62,1.722%,199351381516.0,United States,,11590134,Technology,EDP Services
NEM,Newmont Corporation,124.09,-0.16,-0.129%,134994310967.0,United States,,9607947,Basic Materials,Precious Metals
NET,Cloudflare Inc. Class A Common Stock,163.81,3.62,2.26%,57379557639.0,United States,2019.0,4801967,Technology,Computer Software: Prepackaged Software
NFLX,Netflix Inc. Common Stock,78.04,-0.63,-0.801%,329497534186.0,United States,2002.0,32848473,Consumer Discretionary,Consumer Electronics/Video Chains
NI,NiSource Inc Common Stock,46.42,0.22,0.476%,22213509798.0,United States,,5336979,Utilities,Power Generation
NIO,NIO Inc. American depositary shares each  representing one Class A ordinary share,5.3,0.01,0.189%,11903750169.0,United States,2018.0,35018712,Industrials,Auto Manufacturing
NKE,Nike Inc. Common Stock,64.09,1.0,1.585%,94877772234.0,United States,,14281648,Consumer Discretionary,Shoe Manufacturing
NLY,Annaly Capital Management Inc. Common Stock,23.02,0.2,0.876%,16537268188.0,United States,,7188028,Real Estate,Real Estate Investment Trusts
NOV,NOV Inc. Common Stock,20.63,0.35,1.726%,7435145743.0,United States,,4428454,Consumer Discretionary,Oil and Gas Field Machinery
NOW,ServiceNow Inc. Common Stock,102.49,1.69,1.677%,107204540000.0,United States,2012.0,18397037,Technology,Computer Software: Prepackaged Software
NRG,NRG Energy Inc. Common Stock,184.03,7.51,4.254%,39507108238.0,United States,,3754475,Utilities,Electric Utilities: Central
NTNX,Nutanix Inc. Class A Common Stock,37.86,-1.98,-4.97%,10237341123.0,United States,2016.0,3856300,Technology,Computer Software: Prepackaged Software
NVDA,NVIDIA Corporation Common Stock,192.85,3.03,1.596%,4686255000000.0,United States,1999.0,174569937,Technology,Semiconductors
NWSA,News Corporation Class A Common Stock,23.18,-0.47,-1.987%,12873663431.0,United States,,4071725,Consumer Discretionary,Newspapers/Magazines
O,Realty Income Corporation Common Stock,66.52,-0.16,-0.24%,61192131488.0,United States,,5996143,Real Estate,Real Estate Investment Trusts
OBDC,Blue Owl Capital Corporation Common Stock,11.68,0.17,1.477%,5969043408.0,United States,2019.0,11423197,Finance,Diversified Financial Services
OGN,Organon & Co. Common Stock ,8.14,0.22,2.778%,2116260904.0,United States,2021.0,4680104,Health Care,Biotechnology: Pharmaceutical Preparations
OKE,ONEOK Inc. Common Stock,82.89,-4.44,-5.084%,52157003760.0,United States,,8607028,Utilities,Oil & Gas Production
OKLO,Oklo Inc. Class A common stock,65.06,1.97,3.123%,10165434700.0,United States,2021.0,6679025,Utilities,Electric Utilities: Central
OKTA,Okta Inc. Class A Common Stock,71.14,-3.15,-4.24%,12608157922.0,United States,2017.0,3954421,Technology,Computer Software: Prepackaged Software
OMC,Omnicom Group Inc. Common Stock,82.46,1.71,2.118%,25590334926.0,United States,,5218555,Consumer Discretionary,Advertising
ON,ON Semiconductor Corporation Common Stock,70.03,0.92,1.331%,27593257716.0,United States,,5699181,Technology,Semiconductors
ONDS,Ondas Inc. Common Stock,10.4,0.37,3.689%,4675459339.0,United States,,69399263,Technology,Radio And Television Broadcasting And Communications Equipment
OPCH,Option Care Health Inc. Common Stock,33.815,-1.875,-5.254%,5367546453.0,United States,,4035916,Health Care,Medical/Nursing Services
OPEN,Opendoor Technologies Inc Common Stock,5.11,0.11,2.20%,4897043208.0,United States,,40077961,Finance,Real Estate
ORCL,Oracle Corporation Common Stock,146.14,4.83,3.418%,420019658740.0,United States,1986.0,21312028,Technology,Computer Software: Prepackaged Software
ORLY,O'Reilly Automotive Inc. Common Stock,94.33,0.83,0.888%,79624338998.0,United States,1993.0,3845129,Consumer Discretionary,Auto & Home Supply Stores
OSCR,Oscar Health Inc. Class A Common Stock,12.3,-0.15,-1.205%,3662300400.0,United States,2021.0,8918367,Health Care,Medical Specialities
OTIS,Otis Worldwide Corporation Common Stock ,89.91,-0.64,-0.707%,34949884700.0,United States,2020.0,3256016,Technology,Consumer Electronics/Appliances
OWL,Blue Owl Capital Inc. Class A Common Stock,10.73,0.29,2.778%,16680531711.0,United States,2020.0,65791922,Finance,Investment Managers
OXY,Occidental Petroleum Corporation Common Stock,51.95,-0.48,-0.916%,51236552779.0,United States,,9462454,Energy,Oil & Gas Production
PANW,Palo Alto Networks Inc. Common Stock,141.67,-7.03,-4.728%,115602720000.0,United States,,23683186,Technology,Computer peripheral equipment
PATH,UiPath Inc. Class A Common Stock,10.1,-0.07,-0.688%,5400971808.0,United States,2021.0,32048142,Technology,Computer Software: Prepackaged Software
PAYX,Paychex Inc. Common Stock,88.48,-2.76,-3.025%,31761439976.0,United States,1983.0,4121477,Industrials,Diversified Commercial Services
PCAR,PACCAR Inc. Common Stock,126.25,-2.21,-1.72%,66307050324.0,United States,,3375910,Consumer Discretionary,Motor Vehicles
PCG,Pacific Gas & Electric Co. Common Stock,18.66,0.18,0.974%,48728101988.0,United States,,11934737,Utilities,Power Generation
PEP,PepsiCo Inc. Common Stock,169.54,4.6,2.789%,231701680446.0,United States,,6317967,Consumer Staples,Beverages (Production/Distribution)
PFE,Pfizer Inc. Common Stock,27.14,0.08,0.296%,154310102961.0,United States,,34667905,Health Care,Biotechnology: Pharmaceutical Preparations
PG,Procter & Gamble Company (The) Common Stock,165.28,0.11,0.067%,384110833217.0,United States,,9709127,Consumer Discretionary,Package Goods/Cosmetics
PINS,Pinterest Inc. Class A Common Stock,16.95,0.26,1.558%,11274099660.0,United States,2019.0,22072458,Technology,Computer Software: Programming Data Processing
PK,Park Hotels & Resorts Inc. Common Stock ,11.27,0.17,1.532%,2269760408.0,United States,2016.0,5410456,Consumer Discretionary,Hotels/Resorts
PL,Planet Labs PBC Class A Common Stock,24.71,0.93,3.911%,8281337520.0,United States,2021.0,7474467,Technology,Radio And Television Broadcasting And Communications Equipment
PLNT,Planet Fitness Inc. Common Stock,82.61,-8.14,-8.97%,6881354595.0,United States,2015.0,5614016,Consumer Discretionary,Hotels/Resorts
PLTR,Palantir Technologies Inc. Class A Common Stock,128.84,-6.4,-4.732%,308014014405.0,United States,,47022051,Technology,Computer Software: Prepackaged Software
PM,Philip Morris International Inc Common Stock,187.0,-0.22,-0.118%,291099081273.0,United States,,4274342,Health Care, Medicinal Chemicals and Botanical Products 
PPL,PPL Corporation Common Stock,38.12,0.86,2.308%,28639814911.0,United States,,25233960,Utilities,Electric Utilities: Central
PR,Permian Resources Corporation Class A Common Stock,17.79,0.04,0.225%,14876807836.0,United States,2022.0,7347540,Energy,Oil & Gas Production
PRMB,Primo Brands Corporation Class A Common Stock,19.36,0.35,1.841%,7078621658.0,United States,2024.0,9871408,Consumer Staples,Beverages (Production/Distribution)
PSKY,Paramount Skydance Corporation Class B Common Stock,10.39,-0.32,-2.988%,11461904891.0,United States,,7871544,Industrials,Broadcasting
PSTG,Pure Storage Inc. Class A Common Stock,67.72,-0.72,-1.052%,22359224070.0,United States,2015.0,4722740,Technology,Electronic Components
PTEN,Patterson-UTI Energy Inc. Common Stock,8.32,-0.09,-1.07%,3158065664.0,United States,1993.0,8322173,Energy,Oil & Gas Production
PYPL,PayPal Holdings Inc. Common Stock,47.02,5.37,12.893%,43289646765.0,United States,,58355684,Industrials,Diversified Commercial Services
QCOM,QUALCOMM Incorporated Common Stock,144.78,1.9,1.33%,154480260000.0,United States,1991.0,11083470,Technology,Radio And Television Broadcasting And Communications Equipment
QXO,QXO Inc. Common Stock,25.14,0.42,1.699%,16958117035.0,United States,,4382443,Consumer Discretionary,RETAIL: Building Materials
RAL,Ralliant Corporation Common Stock,45.1,2.99,7.10%,5087542798.0,United States,2025.0,3620304,Industrials,Industrial Machinery/Components
RBLX,Roblox Corporation Class A Common Stock,67.09,4.66,7.464%,47547088693.0,United States,2021.0,11455893,Technology,Computer Software: Prepackaged Software
RBRK,Rubrik Inc. Class A Common Stock,51.04,3.78,7.998%,10215224457.0,United States,2024.0,3925345,Technology,Computer Software: Prepackaged Software
RDDT,Reddit Inc. Class A Common Stock,142.08,-0.38,-0.267%,27142364191.0,United States,2024.0,4005885,Technology,EDP Services
RELY,Remitly Global Inc. Common Stock,16.19,-0.96,-5.598%,3384453623.0,United States,2021.0,3682657,Real Estate,Real Estate
REXR,Rexford Industrial Realty Inc. Common Stock,37.14,-0.13,-0.349%,8610680106.0,United States,2013.0,3279077,Real Estate,Real Estate Investment Trusts
RF,Regions Financial Corporation Common Stock,28.44,-0.27,-0.94%,24938367546.0,United States,,15307269,Finance,Major Banks
RGTI,Rigetti Computing Inc. Common Stock,16.48,0.56,3.518%,5438829765.0,United States,,24653591,Technology,EDP Services
RHI,Robert Half Inc. Common Stock,23.6,-0.23,-0.965%,2386988866.0,United States,,3351264,Consumer Discretionary,Professional Services
RIOT,Riot Platforms Inc. Common Stock ,16.5,0.82,5.23%,6134818569.0,United States,,17039097,Finance,Finance: Consumer Services
RITM,Rithm Capital Corp. Common Stock,10.15,0.14,1.399%,5642308012.0,United States,,10429207,Real Estate,Real Estate Investment Trusts
RIVN,Rivian Automotive Inc. Class A Common Stock,15.12,-0.15,-0.982%,18763765610.0,United States,2021.0,20989479,Industrials,Auto Manufacturing
RKLB,Rocket Lab Corporation Common Stock,69.97,-0.89,-1.256%,37374918620.0,United States,2020.0,12837357,Industrials,Military/Government/Technical
RKT,Rocket Companies Inc. Class A Common Stock,17.71,0.62,3.628%,49869412113.0,United States,2020.0,23893405,Finance,Finance: Consumer Services
RNA,Avidity Biosciences Inc. Common Stock,72.75,-0.11,-0.151%,10961660231.0,United States,2020.0,5414241,Health Care,Biotechnology: Pharmaceutical Preparations
RNG,RingCentral Inc. Class A Common Stock,35.19,0.61,1.764%,3046212321.0,United States,2013.0,3148085,Technology,EDP Services
ROKU,Roku Inc. Class A Common Stock,87.68,-1.38,-1.55%,12954875281.0,United States,2017.0,3244595,Telecommunications,Cable & Other Pay Television Services
RPRX,Royalty Pharma plc Class A Ordinary Shares ,45.4,0.28,0.621%,26189296586.0,United States,2020.0,4536449,Health Care,Biotechnology: Pharmaceutical Preparations
RRC,Range Resources Corporation Common Stock,38.53,-0.05,-0.13%,9129136875.0,United States,,3325421,Energy,Oil & Gas Production
RTX,RTX Corporation Common Stock,198.46,-3.46,-1.714%,266390412179.0,United States,,10154162,Industrials,Aerospace
RYAN,Ryan Specialty Holdings Inc. Class A Common Stock,38.86,-0.16,-0.41%,10266411781.0,United States,2021.0,3381811,Finance,Specialty Insurers
RYN,Rayonier Inc. REIT Common Stock,21.52,-0.43,-1.959%,3473879256.0,United States,,3634008,Real Estate,Real Estate Investment Trusts
S,SentinelOne Inc. Class A Common Stock,12.76,0.39,3.153%,4336728363.0,United States,2021.0,7930806,Technology,Computer Software: Prepackaged Software
SAIL,SailPoint Inc. Common Stock,13.12,-1.07,-7.541%,7368529971.0,United States,2025.0,3247552,Technology,Computer Software: Prepackaged Software
SATS,EchoStar  Corporation Common Stock,106.78,-3.58,-3.244%,30739432916.0,United States,,3214130,Consumer Discretionary,Telecommunications Equipment
SBUX,Starbucks Corporation Common Stock,96.51,-0.98,-1.005%,109950183534.0,United States,1992.0,6537311,Consumer Discretionary,Restaurants
SCHW,Charles Schwab Corporation (The) Common Stock,93.12,0.37,0.399%,165468352022.0,United States,,13635111,Finance,Investment Bankers/Brokers/Service
SE,Sea Limited American Depositary Shares each representing one Class A Ordinary Share,107.11,-4.13,-3.713%,63411255131.0,United States,2017.0,7005642,Consumer Discretionary,Other Consumer Services
SEI,Solaris Energy Infrastructure Inc. Class A Common Stock,53.46,2.79,5.506%,3659740944.0,United States,2017.0,3199086,Consumer Discretionary,Oil and Gas Field Machinery
SFM,Sprouts Farmers Market Inc. Common Stock,73.95,6.47,9.588%,6993924262.0,United States,2013.0,3696132,Consumer Staples,Food Chains
SLM,SLM Corporation Common Stock,19.84,-2.76,-12.212%,3931387780.0,United States,,5755282,Finance,Finance: Consumer Services
SM,SM Energy Company Common Stock,22.46,-0.29,-1.275%,2572887152.0,United States,,6356850,Energy,Oil & Gas Production
SMCI,Super Micro Computer Inc. Common Stock,31.13,-1.29,-3.979%,18646540894.0,United States,2020.0,17945229,Technology,Computer Manufacturing
SMR,NuScale Power Corporation Class A Common Stock,13.43,0.83,6.587%,4065591123.0,United States,2022.0,24525559,Industrials,Metal Fabrications
SNDK,Sandisk Corporation Common Stock,638.52,-11.45,-1.762%,94246172641.0,United States,,30297475,Technology,Electronic Components
SNOW,Snowflake Inc. Common Stock,161.06,3.46,2.195%,55114732000.0,United States,2020.0,8600235,Technology,Computer Software: Prepackaged Software
SO,Southern Company (The) Common Stock,95.81,0.63,0.662%,107248879591.0,United States,,5087040,Utilities,Electric Utilities: Central
SOFI,SoFi Technologies Inc. Common Stock  ,18.66,-0.36,-1.893%,23495087934.0,United States,,61567882,Finance,Finance: Consumer Services
SOUN,SoundHound AI Inc Class A Common Stock,8.36,0.54,6.905%,3512001398.0,United States,,36513439,Technology,Computer Software: Prepackaged Software
SPGI,S&P Global Inc. Common Stock,418.27,13.49,3.333%,124979076000.0,United States,,3305619,Finance,Finance: Consumer Services
STEP,StepStone Group Inc. Class A Common Stock,45.75,-4.32,-8.628%,5451646769.0,United States,2020.0,3303366,Finance,Investment Managers
STWD,STARWOOD PROPERTY TRUST INC. Starwood Property Trust Inc.,17.68,-0.12,-0.674%,6547457897.0,United States,2009.0,5132233,Real Estate,Real Estate Investment Trusts
SYF,Synchrony Financial Common Stock,70.77,1.89,2.744%,24599388665.0,United States,2014.0,5307715,Finance,Finance: Consumer Services
T,AT&T Inc.,28.35,-0.17,-0.596%,198466363648.0,United States,,34537652,Telecommunications,Telecommunications Equipment
TECH,Bio-Techne Corp Common Stock,57.6,0.08,0.139%,9011709619.0,United States,,3063134,Health Care,Biotechnology: Biological Products (No Diagnostic Substances)
TEM,Tempus AI Inc. Class A Common Stock,57.95,-0.42,-0.72%,10309725659.0,United States,2024.0,5566934,Technology,Computer Software: Programming Data Processing
TENB,Tenable Holdings Inc. Common Stock,18.29,-1.62,-8.137%,2182806625.0,United States,2018.0,3878152,Technology,Computer Software: Prepackaged Software
TFC,Truist Financial Corporation Common Stock,49.66,-0.43,-0.858%,63527371804.0,United States,,6752855,Finance,Major Banks
TGT,Target Corporation Common Stock,115.52,2.18,1.923%,52308197407.0,United States,,4946030,Consumer Discretionary,Department/Specialty Retail Stores
TJX,TJX Companies Inc. (The) Common Stock,157.66,-0.03,-0.019%,175076242198.0,United States,,5275930,Consumer Discretionary,Clothing/Shoe/Accessory Stores
TME,Tencent Music Entertainment Group American Depositary Shares each representing two Class A Ordinary Shares,14.97,0.26,1.768%,23187100425.0,United States,2018.0,10366067,Consumer Discretionary,Broadcasting
TMUS,T-Mobile US Inc. Common Stock,221.98,6.52,3.026%,244591490803.0,United States,,6831855,Telecommunications,Telecommunications Equipment
TOST,Toast Inc. Class A Common Stock,25.57,0.5,1.994%,15060730000.0,United States,2021.0,11269128,Technology,EDP Services
TPG,TPG Inc. Class A Common Stock,43.04,-1.47,-3.303%,16272146917.0,United States,2022.0,4688814,Finance,Investment Managers
TPH,Tri Pointe Homes Inc. Common Stock,46.37,0.04,0.086%,3985663656.0,United States,2013.0,3233229,Consumer Discretionary,Homebuilding
TREX,Trex Company Inc. Common Stock,41.45,1.17,2.905%,4445710797.0,United States,,3985021,Basic Materials,Forest Products
TRI,Thomson Reuters Corporation Common Shares,90.09,6.89,8.281%,40075859654.0,United States,,9290425,Consumer Discretionary,Publishing
TSCO,Tractor Supply Company Common Stock,53.27,0.55,1.043%,28038733005.0,United States,1994.0,5481333,Consumer Discretionary,RETAIL: Building Materials
TSLA,Tesla Inc. Common Stock,409.38,-2.44,-0.592%,1536170605610.0,United States,2010.0,58440010,Industrials,Auto Manufacturing
TTD,The Trade Desk Inc. Class A Common Stock,24.94,-0.16,-0.637%,12060855983.0,United States,2016.0,11945246,Technology,Computer Software: Programming Data Processing
TTEK,Tetra Tech Inc. Common Stock,32.88,-3.44,-9.471%,8575352606.0,United States,1991.0,4113232,Consumer Discretionary,Military/Government/Technical
TWLO,Twilio Inc. Class A Common Stock,113.85,5.35,4.931%,17261119329.0,United States,2016.0,3090993,Technology,Computer Software: Prepackaged Software
TXN,Texas Instruments Incorporated Common Stock,213.35,-6.38,-2.904%,193625957633.0,United States,,9493162,Technology,Semiconductors
U,Unity Software Inc. Common Stock,18.29,1.16,6.772%,7919343405.0,United States,2020.0,19316772,Technology,Computer Software: Prepackaged Software
UAA,Under Armour Inc. Class A Common Stock,7.75,0.13,1.706%,3300647508.0,United States,,6915664,Consumer Discretionary,Apparel
UAL,United Airlines Holdings Inc. Common Stock,112.59,-0.44,-0.389%,36415030875.0,United States,,5763424,Consumer Discretionary,Air Freight/Delivery Services
UBER,Uber Technologies Inc. Common Stock,71.38,0.66,0.933%,148315532596.0,United States,2019.0,19526514,Real Estate,Real Estate
UCTT,Ultra Clean Holdings Inc. Common Stock,71.96,12.81,21.657%,3266054852.0,United States,2004.0,4836987,Technology,Semiconductors
UNH,UnitedHealth Group Incorporated Common Stock (DE),273.95,-8.39,-2.972%,248154489949.0,United States,,9665480,Health Care,Medical Specialities
UPST,Upstart Holdings Inc. Common stock,28.14,-1.15,-3.926%,2759444307.0,United States,2020.0,4253607,Finance,Finance: Consumer Services
USAR,USA Rare Earth Inc. Class A Common Stock,20.39,3.16,18.34%,4443809609.0,United States,2023.0,16642868,Basic Materials,Metal Mining
USB,U.S. Bancorp Common Stock,55.03,-0.78,-1.398%,85903737395.0,United States,,9373561,Finance,Major Banks
V,Visa Inc.,307.22,0.7,0.228%,588636378989.0,United States,,9117764,Real Estate,Real Estate
VFC,V.F. Corporation Common Stock,19.77,0.09,0.457%,7735276291.0,United States,,6121102,Industrials,Garments and Clothing
VG,Venture Global Inc. Class A common stock,9.35,-0.08,-0.848%,22889834073.0,United States,2025.0,7264233,Utilities,Oil/Gas Transmission
VIAV,Viavi Solutions Inc. Common Stock,29.13,1.6,5.812%,6740371620.0,United States,,6393344,Technology,Semiconductors
VICI,VICI Properties Inc. Common Stock,30.28,0.06,0.199%,32363608314.0,United States,2018.0,5564267,Real Estate,Real Estate Investment Trusts
VISN,Vistance Networks Inc. Common Stock,17.95,-1.02,-5.377%,3976799291.0,United States,2013.0,3093815,Technology,Radio And Television Broadcasting And Communications Equipment
VLY,Valley National Bancorp Common Stock,12.87,-0.49,-3.668%,7176769631.0,United States,,7596524,Finance,Major Banks
VNOM,Viper Energy Inc. Class A Common Stock,45.49,-0.15,-0.329%,16354066548.0,United States,2014.0,5142372,Energy,Oil & Gas Production
VRNS,Varonis Systems Inc. Common Stock,21.71,-1.98,-8.358%,2549790131.0,United States,2014.0,4036155,Technology,Computer Software: Prepackaged Software
VRSK,Verisk Analytics Inc. Common Stock,191.17,8.67,4.751%,26370350729.0,United States,2009.0,3380323,Industrials,Diversified Commercial Services
VRT,Vertiv Holdings LLC Class A Common Stock,253.15,7.73,3.15%,96788943936.0,United States,2018.0,5450213,Technology,Industrial Machinery/Components
VSNT,Versant Media Group Inc. Class A Common Stock ,29.85,-0.18,-0.599%,4314220500.0,United States,,3146790,Industrials,Broadcasting
VST,Vistra Corp. Common Stock,171.62,3.82,2.277%,58149230594.0,United States,,4369844,Utilities,Electric Utilities: Central
VTRS,Viatris Inc. Common Stock,16.065,0.145,0.911%,18503182994.0,United States,,14807049,Health Care,Biotechnology: Pharmaceutical Preparations
VZ,Verizon Communications Inc. Common Stock,49.86,0.18,0.362%,210293732616.0,United States,,23812968,Telecommunications,Telecommunications Equipment
W,Wayfair Inc. Class A Common Stock,73.91,0.44,0.599%,9663574480.0,United States,2014.0,3439356,Consumer Discretionary,Catalog/Specialty Distribution
WAY,Waystar Holding Corp. Common Stock,25.23,0.16,0.638%,4836126566.0,United States,2024.0,3672112,Technology,EDP Services
WBD,Warner Bros. Discovery Inc. Series A Common Stock ,29.15,0.4,1.391%,72232956937.0,United States,,27367730,Consumer Discretionary,Services-Misc. Amusement & Recreation
WBS,Webster Financial Corporation Common Stock,72.42,-0.36,-0.495%,11680643598.0,United States,,6963870,Finance,Major Banks
WDAY,Workday Inc. Class A Common Stock,130.23,-7.58,-5.50%,34250490000.0,United States,,10251665,Technology,EDP Services
WDC,Western Digital Corporation Common Stock,270.57,-14.95,-5.236%,91733490556.0,United States,,8652950,Technology,Electronic Components
WFC,Wells Fargo & Company Common Stock,84.57,-0.58,-0.681%,265472379717.0,United States,,18815212,Finance,Major Banks
WHR,Whirlpool Corporation Common Stock,71.67,-11.54,-13.869%,4050695157.0,United States,,7666002,Consumer Discretionary,Consumer Electronics/Appliances
WMB,Williams Companies Inc. (The) Common Stock,73.5,0.52,0.713%,89759586725.0,United States,,5778004,Utilities,Natural Gas Distribution
WMG,Warner Music Group Corp. Class A Common Stock,27.43,-2.46,-8.23%,14327955388.0,United States,2020.0,3715511,Consumer Discretionary,Services-Misc. Amusement & Recreation
WMT,Walmart Inc. Common Stock,126.75,3.76,3.057%,1010218662687.0,United States,,20138498,Consumer Discretionary,Department/Specialty Retail Stores
WT,WisdomTree Inc. Common Stock,16.69,-0.03,-0.179%,2348534685.0,United States,2022.0,4243342,Finance,Investment Bankers/Brokers/Service
WTRG,Essential Utilities Inc. Common Stock,39.76,0.48,1.222%,11251106715.0,United States,,3340258,Utilities,Water Supply
WU,Western Union Company (The) Common Stock,9.36,0.15,1.629%,2933937012.0,United States,,11989338,Real Estate,Real Estate
WULF,TeraWulf Inc. Common Stock,17.56,2.55,16.989%,7352053830.0,United States,,46323930,Technology,EDP Services
WY,Weyerhaeuser Company Common Stock,24.89,-0.24,-0.955%,17937351850.0,United States,,5140688,Real Estate,Real Estate Investment Trusts
XEL,Xcel Energy Inc. Common Stock,83.91,2.36,2.894%,49636102352.0,United States,,4825256,Utilities,Power Generation
XMTR,Xometry Inc. Class A Common Stock,44.44,-12.24,-21.595%,2277445833.0,United States,2021.0,6998256,Real Estate,Real Estate
XOM,Exxon Mobil Corporation Common Stock,149.26,-1.5,-0.995%,629454139546.0,United States,,14174014,Energy,Integrated oil Companies
XRAY,DENTSPLY SIRONA Inc. Common Stock,13.14,0.6,4.785%,2622112873.0,United States,1987.0,5359697,Health Care,Medical/Dental Instruments
XYZ,Block Inc. Class A Common Stock,51.0,0.25,0.493%,30990915000.0,United States,2015.0,9918770,Technology,Computer Software: Prepackaged Software
Z,Zillow Group Inc. Class C Capital Stock,43.73,-1.73,-3.806%,10492060886.0,United States,,4864220,Real Estate,Real Estate
ZETA,Zeta Global Holdings Corp. Class A Common Stock,16.98,2.0,13.351%,4039289881.0,United States,2021.0,19312763,Technology,Computer Software: Prepackaged Software
ZM,Zoom Communications Inc. Class A Common Stock,87.51,-2.78,-3.079%,25911795797.0,United States,2019.0,4184717,Technology,Computer Software: Programming Data Processing
ZS,Zscaler Inc. Common Stock,149.36,-10.39,-6.504%,23818619627.0,United States,2018.0,4685690,Technology,EDP Services
ZTS,Zoetis Inc. Class A Common Stock,128.66,2.87,2.282%,54310951040.0,United States,2013.0,3614347,Health Care,Biotechnology: Pharmaceutical Preparations
